"","","z_QQ","train_QQ_Y"
"1",0.0700217082751915,1,2.24829353050734
"2",0.286123713891022,1,2.62950498960219
"3",0.163075888782274,1,1.00228972606728
"4",0.619317869856022,1,2.62746442868666
"5",0.760028274781071,1,1.81209518529732
"6",0.782990757049993,1,1.41745112122397
"7",0.969982837540563,1,2.84415453881593
"8",0.661179914880078,1,2.99465662404198
"9",0.753054511302616,1,1.94245562411656
"10",0.514799173463136,1,1.03865707898243
"11",0.948858290798496,1,2.57023986642661
"12",0.441264896327164,1,1.55277021852189
"13",0.534024832109921,1,1.19871296685125
"14",0.589360572717153,1,2.11336653998895
"15",0.592182534469292,1,2.16603107991662
"16",0.228595640375279,1,1.60739466495658
"17",0.482095714488532,1,1.05641053427017
"18",0.113088032381143,1,1.46808293429198
"19",0.686027032619342,1,2.93414721047226
"20",0.864351391177159,1,1.16610938521207
"21",0.655836285648402,1,2.97923409418358
"22",0.918544211384375,1,2.03538349668062
"23",0.828902376754675,1,1.00348589867809
"24",0.347346067513805,1,2.96531900028507
"25",0.369236385799944,1,2.7796080555705
"26",0.456764425234403,1,1.31411078247867
"27",0.799655598909128,1,1.19481581497487
"28",0.133357982166111,1,1.19070999643616
"29",0.643525246834848,1,2.90636137863616
"30",0.854314339514356,1,1.07718927053856
"31",0.0742000667122193,1,2.1713088650318
"32",0.942437813995406,1,2.46689356189596
"33",0.925486390533391,1,2.16548313278371
"34",0.622548177548219,1,2.67368391367962
"35",0.719479036238045,1,2.54409207256206
"36",0.651307990574278,1,2.95838552602506
"37",0.0917023986936547,1,1.84290032995907
"38",0.920820355248637,1,2.07821521636552
"39",0.570517001186963,1,1.76076085040979
"40",0.952650744845159,1,2.62745770149195
"41",0.33747678845888,1,2.99695156630384
"42",0.427666077254806,1,1.79414826342525
"43",0.630025213917717,1,2.77081610497552
"44",0.862346661470365,1,1.14585318869125
"45",0.442055853416678,1,1.53948535345273
"46",0.657459273438901,1,2.98497704977355
"47",0.107315837904345,1,1.56318086393667
"48",0.274980669808108,1,2.45366581754321
"49",0.0200916575486772,1,2.92913908823645
"50",0.370575834547635,1,2.76354924664154
"51",0.726401216173079,1,2.43030135701189
"52",0.756342240538914,1,1.88073613970327
"53",0.940865189482924,1,2.44047833296504
"54",0.575403759524692,1,1.85108698045811
"55",0.999601755755488,1,2.999971824656
"56",0.486427659759298,1,1.03254705576416
"57",0.580330801483244,1,1.94343381761733
"58",0.577510758240707,1,1.89046725457757
"59",0.197844543604646,1,1.16777586540072
"60",0.527860888981726,1,1.13475896326597
"61",0.927525550761726,1,2.20325888561058
"62",0.064066040254198,1,2.3552485226685
"63",0.938341394579504,1,2.39728733970033
"64",0.74169055943843,1,2.155989625832
"65",0.341600519943051,1,2.98788262099398
"66",0.538571801058017,1,1.2528691023076
"67",0.682773716386408,1,2.95426321891455
"68",0.555353830715176,1,1.49671062705224
"69",0.669816299785394,1,2.99823816748587
"70",0.894328737081029,1,1.591271853649
"71",0.584307641246356,1,2.01836423912582
"72",0.134836682798807,1,1.17465369141746
"73",0.353612617284525,1,2.92782566414075
"74",0.156398950270843,1,1.01867084136759
"75",0.931753636966925,1,2.28056498937436
"76",0.83500135518657,1,1.00049424233769
"77",0.634022351249587,1,2.81658251606639
"78",0.754647630772088,1,1.91250623992516
"79",0.223091631699353,1,1.51425891394452
"80",0.0293753601294011,1,2.85057817859155
"81",0.495818396509625,1,1.00310479613436
"82",0.0169906707843766,1,2.9491515211897
"83",0.744077358176932,1,2.11140741390231
"84",0.737262938022614,1,2.23778806635669
"85",0.971012990718242,1,2.85440469337957
"86",0.471835965946317,1,1.13763789735578
"87",0.837720716306474,1,1.00341771468018
"88",0.231513520323671,1,1.65854741624894
"89",0.817286819754634,1,1.04539625649328
"90",0.0975094091808423,1,1.73595588136186
"91",0.45139999739686,1,1.39107246373112
"92",0.677265219479334,1,2.98011065551713
"93",0.846664893905632,1,1.03140852925099
"94",0.506502507100813,1,1.00750222600358
"95",0.354903548409697,1,2.9184751510486
"96",0.713529066811781,1,2.63457685754283
"97",0.923789026262239,1,2.1338503828816
"98",0.839444040641189,1,1.00662635958287
"99",0.0805397237245925,1,2.05263396791285
"100",0.123003892820794,1,1.31999281833899
"101",0.240979341026861,1,1.83078274580229
"102",0.674051956069656,1,2.99032600596912
"103",0.445254036688711,1,1.48684279110688
"104",0.331586714721285,1,2.99945808747465
"105",0.473586137083825,1,1.12140760686863
"106",0.150295274910517,1,1.04723829645067
"107",0.377144265523646,1,2.67795689574933
"108",0.256437086656224,1,2.12103871563973
"109",0.401789881039411,1,2.27676003872472
"110",0.748674801074434,1,2.02497681359768
"111",0.46545614055777,1,1.20460445541163
"112",0.0265474539827555,1,2.87738701832935
"113",0.0192224670029245,1,2.93507172452766
"114",0.320381029663142,1,2.97034431434759
"115",0.824757365317084,1,1.01303744862587
"116",0.993310926801059,1,2.9920616779381
"117",0.558987914004363,1,1.55703751159126
"118",0.904521583492868,1,1.7730649903421
"119",0.945863231255207,1,2.52297899778254
"120",0.463074148173444,1,1.23261009120283
"121",0.382984981229063,1,2.59308477677856
"122",0.351262271403335,1,2.94343549685401
"123",0.301762410326395,1,2.82809363299674
"124",0.498921364286914,1,1.00020668401076
"125",0.242485501321033,1,1.85882820613881
"126",0.0787407266069204,1,2.08646051188451
"127",0.851749111043289,1,1.05964677920549
"128",0.59183074807981,1,2.15948849547267
"129",0.199293510487769,1,1.18322742843226
"130",0.871090942914132,1,1.2427565936617
"131",0.41780715634115,1,1.97850393193444
"132",0.856305433243047,1,1.09229477606697
"133",0.560022028199863,1,1.57459644903224
"134",0.317268412407022,1,2.95450033099262
"135",0.67872605191078,1,2.974275216853
"136",0.118059861185495,1,1.39117418506406
"137",0.770990232379641,1,1.61458589243099
"138",0.774609394503757,1,1.55258199583748
"139",0.45816802316159,1,1.29510000933216
"140",0.97694451378379,1,2.90704456459118
"141",0.550727688651066,1,1.42336666230988
"142",0.822621524621733,1,1.02031523704443
"143",0.883447958850302,1,1.41396411289844
"144",0.0768449548124336,1,2.12199837945912
"145",0.517269268296659,1,1.05251481497408
"146",0.248968470721971,1,1.98055735633718
"147",0.848096316232812,1,1.0384694628252
"148",0.564022292058449,1,1.64398075346588
"149",0.319705755808391,1,2.96718894362937
"150",0.959028329592198,1,2.71630920142321
"151",0.43030179679906,1,1.74580415300875
"152",0.0363251788527705,1,2.77460028235691
"153",0.724245613874402,1,2.46661414749172
"154",0.0884073923514225,1,1.904501994634
"155",0.0833420564034022,1,1.99983557400367
"156",0.491298215525225,1,1.01342193045849
"157",0.114008557161316,1,1.45347056819783
"158",0.974345890972763,1,2.88534139054879
"159",0.906191868302878,1,1.80383509330126
"160",0.29766977400519,1,2.78242728713002
"161",0.997450309606735,1,2.99884531493345
"162",0.790828221769538,1,1.30415639861476
"163",0.763145155290142,1,1.75474730484449
"164",0.90866870005196,1,1.84981230443879
"165",0.74312199230399,1,2.12928450061753
"166",0.177346088637132,1,1.02019299256929
"167",0.386619027932175,1,2.53658475913996
"168",0.263359362677671,1,2.24916508438651
"169",0.731327158583328,1,2.34475218128969
"170",0.543415179887787,1,1.31657834009286
"171",0.697347102298867,1,2.83738620125565
"172",0.329963711622171,1,2.99798354499265
"173",0.579163767175749,1,1.92148641875356
"174",0.758941182901617,1,1.83225941951492
"175",0.453234323484357,1,1.36401512196254
"176",0.716285698380321,1,2.59357966518424
"177",0.488031578413211,1,1.02533980514517
"178",0.109020553632174,1,1.53450599447183
"179",0.53736197266914,1,1.23790690595846
"180",0.00241845661820844,1,2.99896110025156
"181",0.773352109893691,1,1.57390048982966
"182",0.868211503230035,1,1.20843956603731
"183",0.556907346408348,1,1.52222681590049
"184",0.859998479482718,1,1.12367951273762
"185",0.881558678107802,1,1.38548582794649
"186",0.582665855197702,1,1.98741866549618
"187",0.326626855427865,1,2.99202036888732
"188",0.911783970613498,1,1.90809322918375
"189",0.991133406511508,1,2.98606603596265
"190",0.174584764370229,1,1.01111751196645
"191",0.664871228625067,1,2.99942737323485
"192",0.82031972102588,1,1.02993568299825
"193",0.615581731589977,1,2.57111865865745
"194",0.209306127976626,1,1.30597740453602
"195",0.00948601534683257,1,2.98405654345487
"196",0.624802061907947,1,2.70446361828741
"197",0.477832369989716,1,1.08603647826869
"198",0.529566342154983,1,1.15132034511832
"199",0.367212614350021,1,2.80292544080873
"200",0.989771286812611,1,2.98147029741829
"201",0.610323685816955,1,2.48709131367002
"202",0.613773331252392,1,2.54281094368517
"203",0.216506321141496,1,1.40977222928638
"204",0.410921350067947,1,2.10808510369878
"205",0.844010060193483,1,1.02018283627261
"206",0.214592891655397,1,1.38104755138827
"207",0.496158707152586,1,1.00262021746351
"208",0.861063950412441,1,1.13353045934751
"209",0.0358919525872916,1,2.77973907112388
"210",0.323339239539113,1,2.9823081056824
"211",0.553412056929432,1,1.46542669678352
"212",0.82632361412188,1,1.00871648852769
"213",0.544159493748564,1,1.32688748984295
"214",0.104878659681417,1,1.60495224492727
"215",0.171073097869288,1,1.00344743865156
"216",0.627578233067878,1,2.74062275409432
"217",0.599019796440378,1,2.29139314759154
"218",0.21014944760548,1,1.31750912743151
"219",0.670486761806533,1,2.99740860898534
"220",0.00787912416830659,1,2.9889914605762
"221",0.273410178803373,1,2.42708948911635
"222",0.512699070369825,1,1.02851290082314
"223",0.264389744325075,1,2.26792658696766
"224",0.603513979096897,1,2.37128838729671
"225",0.325961673204787,1,2.99036162159196
"226",0.128155133028515,1,1.25211450220119
"227",0.166765587959904,1,1.00000173840793
"228",0.646828440411016,1,2.93089470681356
"229",0.033065383402165,1,2.81197541163098
"230",0.246293850676622,1,1.93019753977967
"231",0.103149376074783,1,1.63510166566159
"232",0.92972350067459,1,2.2436383839427
"233",0.478410459328443,1,1.08166897442701
"234",0.502324416671414,1,1.00095968948622
"235",0.428162009673659,1,1.78500949171657
"236",0.147391102380585,1,1.0652835072207
"237",0.268196100881789,1,2.33630294677679
"238",0.125076324474998,1,1.29187664882843
"239",0.505342259351164,1,1.00506588310772
"240",0.252389229653403,1,2.04502069560906
"241",0.830984121955,1,1.00098026946512
"242",0.280504431705456,1,2.54383058740322
"243",0.398468228504062,1,2.3363444370227
"244",0.685642410405911,1,2.93671006006177
"245",0.6992193400166,1,2.81757840922092
"246",0.182949403217994,1,1.04673207905938
"247",0.734279580483213,1,2.29200537452589
"248",0.0602200047215447,1,2.42202333123169
"249",0.0422633498380892,1,2.69910924445486
"250",0.52191865712963,1,1.08414213629417
"251",0.434304333781824,1,1.67362861772673
"252",0.788468253417406,1,1.33678260511975
"253",0.946514319784939,1,2.53339995689217
"254",0.203871105256025,1,1.23598764809895
"255",0.185002680350561,1,1.05913634644408
"256",0.475755041168071,1,1.1026226520621
"257",0.338524040688761,1,2.99521723714168
"258",0.164405999614857,1,1.00090777818476
"259",0.308705306901131,1,2.89416776751351
"260",0.111403337137308,1,1.49523725510659
"261",0.587860398032703,1,2.08522963448265
"262",0.219475683200173,1,1.4558548993644
"263",0.77938856250979,1,1.47393973085108
"264",0.96302065103827,1,2.76674295386215
"265",0.356086976876017,1,2.90942538925383
"266",0.608586143274326,1,2.45823129143509
"267",0.130499540738296,1,1.22351894233481
"268",0.950923615790438,1,2.60178024597579
"269",0.653840485059656,1,2.97091624002123
"270",0.633577481852844,1,2.81171345897823
"271",0.808332236455753,1,1.10900286255315
"272",0.765536514078733,1,1.71131182601746
"273",0.902535074427724,1,1.73676471262902
"274",0.636682256727945,1,2.84448535017618
"275",0.0858243985082954,1,1.95306178047737
"276",0.899936930942349,1,1.6898525857042
"277",0.136115659886971,1,1.1612827364768
"278",0.751387237818912,1,1.97385416297595
"279",0.818920620620251,1,1.03667675674622
"280",0.14855077551119,1,1.05773875675113
"281",0.0688399418652989,1,2.26980834838075
"282",0.607943569341674,1,2.44743218987772
"283",0.638126939302776,1,2.85875512517317
"284",0.891971719777677,1,1.55114036792038
"285",0.804695585521869,1,1.14219304633548
"286",0.972599879736081,1,2.86956276887002
"287",0.117171941082459,1,1.40453628477258
"288",0.956978606522083,1,2.68882153051265
"289",0.673437405787408,1,2.99186692382001
"290",0.381854786177631,1,2.6101013408432
"291",0.294570294597652,1,2.74473005766646
"292",0.978251434972044,1,2.91714043619198
"293",0.413652282133233,1,2.0567892410615
"294",0.833216138452291,1,1.00000243999737
"295",0.285093534123152,1,2.61429920421908
"296",0.985433985274751,1,2.96254379637985
"297",0.0155038500502706,1,2.95760074066095
"298",0.344114731470589,1,2.97942086108357
"299",0.728982661285903,1,2.38588552609859
"300",0.307617087685037,1,2.88479622170964
"301",0.983443626889959,1,2.95169690207703
"302",0.509111473151483,1,1.01471233657004
"303",0.278226281498093,1,2.50730350682407
"304",0.225446372540668,1,1.55352234296624
"305",0.934185032635927,1,2.32424492441656
"306",0.392893488124944,1,2.43326639063799
"307",0.659658892731648,1,2.99128834161393
"308",0.937624747910537,1,2.38485482217806
"309",0.227610213374719,1,1.59037994391326
"310",0.0947718561310321,1,1.7860556055877
"311",0.913711214792915,1,1.94431985550426
"312",0.267429247194435,1,2.32265537528443
"313",0.888725900492165,1,1.49734170962419
"314",0.334469175170641,1,2.99977081225936
"315",0.980895960772876,1,2.93586065577493
"316",0.787152613801882,1,1.35554503505003
"317",0.0455548859527335,1,2.65343015851454
"318",0.187533186116256,1,1.07636003338672
"319",0.800621372751892,1,1.18415416109798
"320",0.245392180029769,1,1.91325380263142
"321",0.0117344460869208,1,2.97563726310703
"322",0.00520919571816921,1,2.99518313321611
"323",0.363855424640235,1,2.83901395187444
"324",0.572547890125308,1,1.79809673901561
"325",0.311474306187127,1,2.91630857352904
"326",0.188667597735766,1,1.0847658986243
"327",0.419930733904243,1,1.93851259239216
"328",0.236941125389654,1,1.75632431087024
"329",0.466748754649889,1,1.19007448139432
"330",0.807282362761907,1,1.11816142016782
"331",0.159849527501501,1,1.00824477653545
"332",0.415458619990386,1,2.02276917553032
"333",0.0920572690814734,1,1.8362978054998
"334",0.388309271269012,1,2.50943176086643
"335",0.917197115213145,1,2.00999855293852
"336",0.0460678414748982,1,2.64608043526434
"337",0.484955372999888,1,1.0399413411318
"338",0.153567472710274,1,1.03032870186105
"339",0.260121314538177,1,2.18962704369122
"340",0.0398927223300561,1,2.73035138373608
"341",0.879050548500847,1,1.34888915044501
"342",0.251850772523787,1,2.0348791642341
"343",0.721502526116557,1,2.51170209064092
"344",0.385745889772661,1,2.5503997096924
"345",0.259156520119868,1,2.17174068719375
"346",0.663791431133635,1,2.99853170676732
"347",0.0411852280194871,1,2.71349450346528
"348",0.000828437074553221,1,2.99987807788775
"349",0.0721640738961287,1,2.20898368407616
"350",0.70484788683895,1,2.75200414034326
"351",0.961249373427592,1,2.74488617670312
"352",0.290075504652224,1,2.68558390168617
"353",0.803607489172369,1,1.15291436020235
"354",0.421845545269083,1,1.90253540986568
"355",0.644763739272021,1,2.91597686838646
"356",0.812659143329132,1,1.07497665953764
"357",0.666002719516866,1,2.99992168704642
"358",0.49282090450637,1,1.00914216104277
"359",0.893097735591698,1,1.5702066621385
"360",0.19113993156096,1,1.10452992117469
"361",0.852018192255869,1,1.06138438109076
"362",0.349869072064292,1,2.95181625260039
"363",0.738418901836965,1,2.21656887456694
"364",0.180159901740029,1,1.03217080777389
"365",0.86639228835376,1,1.18795386716441
"366",0.0570072019472718,1,2.47611882900639
"367",0.901742417115252,1,1.72238034506379
"368",0.784582525978331,1,1.39332974675661
"369",0.811519704692997,1,1.08334906060785
"370",0.480513662137557,1,1.06670285780756
"371",0.703595522911288,1,2.76735359625395
"372",0.402097548069432,1,2.27118255846031
"373",0.448726360992994,1,1.43180476179432
"374",0.127694571949076,1,1.25790554781324
"375",0.461152866597753,1,1.25632875054053
"376",0.375120494693052,1,2.70549892725377
"377",0.79328665907681,1,1.27163391164175
"378",0.54119278752571,1,1.28660534327594
"379",0.600268640231341,1,2.3138289235078
"380",0.681451301308814,1,2.96141834574962
"381",0.289643599994946,1,2.67963449758883
"382",0.597184863230679,1,2.25813877563129
"383",0.692805688287597,1,2.88105472081644
"384",0.621942163199652,1,2.66519824826057
"385",0.885429402861278,1,1.44462939523908
"386",0.364452049212065,1,2.83284190541527
"387",0.055391873401124,1,2.50266959522702
"388",0.616808172566351,1,2.58994106873762
"389",0.694504334927536,1,2.8654603975525
"390",0.796406751566101,1,1.23261891331806
"391",0.066702755684033,1,2.30836995536378
"392",0.270537933388725,1,2.37753321952936
"393",0.43842386844568,1,1.60128649733854
"394",0.395591874321923,1,2.38688439498546
"395",0.408537181958091,1,2.15263817050297
"396",0.254535566428676,1,2.08538930409956
"397",0.732090234247968,1,2.33121515437457
"398",0.207096027232241,1,1.27659540094486
"399",0.711571876698639,1,2.66265106905712
"400",0.404938193589915,1,2.21928005894642
"401",0.200835231960285,1,1.20033683002911
"402",0.422592975988053,1,1.88852388600063
"403",0.766110326000024,1,1.70097332957484
"404",0.842969199735671,1,1.01644975788545
"405",0.605891409988515,1,2.41251184245342
"406",0.0984783587763086,1,1.71838481824171
"407",0.192428166500758,1,1.11560158945002
"408",0.0128678480866365,1,2.9707279018659
"409",0.501815324565396,1,1.00058538075979
"410",0.43249158992013,1,1.70611119676408
"411",0.205800969336182,1,1.25995847342898
"412",0.628324942234438,1,2.75000646155028
"413",0.566791795064229,1,1.69322703899117
"414",0.178782389269676,1,1.02596465152356
"415",0.709307355023455,1,2.69400594327314
"416",0.305505600862205,1,2.86555420802808
"417",0.714231504788157,1,2.62428837113864
"418",0.874718983460218,1,1.28915758574977
"419",0.293407217104919,1,2.72992127269865
"420",0.933615760803223,1,2.31407566680742
"421",0.30387274149619,1,2.84973226346338
"422",0.523141527251806,1,1.09363947685846
"423",0.519618660196662,1,1.06760144598594
"424",0.872202619520947,1,1.25660798001928
"425",0.524568079274148,1,1.10532687637712
"426",0.69092064339947,1,2.89730232741112
"427",0.144257669226266,1,1.0878921702111
"428",0.964994113805704,1,2.79008700415781
"429",0.315192365325522,1,2.94210284499864
"430",0.688344192927703,1,2.91767331086696
"431",0.446368542135227,1,1.46892635391518
"432",0.747119112442713,1,2.05427676612696
"433",0.140200921762269,1,1.12187507003584
"434",0.455781631126069,1,1.32770862355853
"435",0.342539262836333,1,2.98498181388298
"436",0.100206094653811,1,1.68729068928399
"437",0.232011280741077,1,1.66738097764027
"438",0.0481608497090638,1,2.61547279310675
"439",0.531581210456789,1,1.17201508870643
"440",0.283116519662552,1,2.58447402867277
"441",0.437299646485597,1,1.62080838848879
"442",0.966417900201865,1,2.80625190435152
"443",0.46976919325348,1,1.15801122830957
"444",0.0229222083170898,1,2.90809943665846
"445",0.546060130031314,1,1.35380862480226
"446",0.143674125996418,1,1.09245651825323
"447",0.70099424790591,1,2.79785980713445
"448",0.13919936205633,1,1.13106330254753
"449",0.511311560292728,1,1.02264494844581
"450",0.777374423386063,1,1.50659882354352
"451",0.722964420595206,1,2.48783567479159
"452",0.0257453092159703,1,2.88454080964239
"453",0.276603507495951,1,2.48071007028093
"454",0.298888860615436,1,2.7965295958078
"455",0.549866063809022,1,1.41017414826625
"456",0.563606285879854,1,1.63666403048287
"457",0.379803419094998,1,2.64027471528826
"458",0.155398118162993,1,1.02247370944944
"459",0.0597044655680656,1,2.43081317253679
"460",0.897587848368101,1,1.64807464445092
"461",0.64122025690414,1,2.88715486502032
"462",0.36125102808699,1,2.86470370696245
"463",0.212300070602447,1,1.34769091925507
"464",0.795465659342241,1,1.24411325424539
"465",0.594869979197625,1,2.21575077828551
"466",0.333786012414843,1,2.99996359588585
"467",0.239151654118672,1,1.7969356124298
"468",0.887132008298766,1,1.47159973103088
"469",0.312480656248517,1,2.92373993663641
"470",0.234680271601304,1,1.71522655691396
"471",0.160156585094053,1,1.00751969222947
"472",0.841942740398459,1,1.01313909330511
"473",0.780088805715554,1,1.46276059510502
"474",0.424879381515086,1,1.84581155037931
"475",0.995498690485954,1,2.99640259410041
"476",0.706997989816125,1,2.7246792409287
"477",0.221088088767603,1,1.48160184472836
"478",0.814142886160407,1,1.06471450894365
"479",0.876705503832083,1,1.31598672864831
"480",0.407289107821882,1,2.17584376166301
"481",0.396919778743759,1,2.36368436939017
"482",0.0305477439225651,1,2.83875075467083
"483",0.195617942293175,1,1.14524551136837
"484",0.955994477932807,1,2.67525603781804
"485",0.769255009682383,1,1.64496792073283
"486",0.12042656280566,1,1.35640135488801
"487",0.390455753474496,1,2.47420785771667
"488",0.3587283286741,1,2.88760167868051
"489",0.168080824845936,1,1.00035525689361
"490",0.173166184815113,1,1.00749533924616
"491",0.532974272583611,1,1.18702335517541
"492",0.373702261499595,1,2.72419060841304
"493",0.0517064977935515,1,2.56146224817505
"494",0.649959098383319,1,2.95081798857056
"495",0.568402332989965,1,1.7222580999206
"496",0.0529008584758267,1,2.54269184145142
"497",0.987759362938348,1,2.97349958099977
"498",0.0875525400429033,1,1.9205536393718
"499",0.915454324089922,1,1.97714986972147
"500",0.0639509900584817,1,2.35727487418699
"501",0.907793549110647,2,0.599469362830932
"502",0.654575759385247,2,1.36316255321583
"503",0.849197977291886,2,1.31858637478722
"504",0.277680314157158,2,1.94011080984115
"505",0.548732773925178,2,0.181725830794596
"506",0.854424475050066,2,1.25568836726884
"507",0.119922488103155,2,0.936237389240001
"508",0.483609108256642,2,0.0211377584300426
"509",0.904059725409374,2,0.642886978312112
"510",0.868510293281637,2,1.08146169295359
"511",0.954577448803466,2,0.158529169605381
"512",0.0120321008637547,2,0.01140893540276
"513",0.704339617204852,2,1.83985228328432
"514",0.318754411781207,2,1.64940589036631
"515",0.745976422259584,2,1.99872202604937
"516",0.0851241399520077,2,0.51961394000343
"517",0.166731232299469,2,1.50070248997078
"518",0.777920406964608,2,1.9390780983747
"519",0.469832542268094,2,0.0710002298909271
"520",0.594547722682357,2,0.626597051179829
"521",0.965081246273126,2,0.0947387109818241
"522",0.912490122077521,2,0.546120104072178
"523",0.768986126364674,2,1.97167294967733
"524",0.49466206512833,2,0.00224891698493934
"525",0.936424981785473,2,0.302509809244621
"526",0.739599325440358,2,1.9914710722551
"527",0.488475420462899,2,0.0104684100144024
"528",0.101437522323336,2,0.708212791439496
"529",0.557029735736549,2,0.245994018503163
"530",0.0889408890926279,2,0.562216267175699
"531",0.709522440339439,2,1.87339982151483
"532",0.883080397230573,2,0.898633136138676
"533",0.518378789552953,2,0.0265516944713039
"534",0.637426010766998,2,1.15551606851861
"535",0.124542696707416,2,0.994253388971602
"536",0.740886987704784,2,1.99345003510736
"537",0.29579273070069,2,1.83894834870518
"538",0.130960983391386,2,1.07483789231275
"539",0.363093475088011,2,1.1490641732932
"540",0.521689491807018,2,0.0369146068711886
"541",0.701416798329446,2,1.81935315884715
"542",0.928890068172011,2,0.3733846394544
"543",0.476830009528901,2,0.0420892451560217
"544",0.278793711942621,2,1.93524972581514
"545",0.894219666934106,2,0.760819799546592
"546",0.660872063185554,2,1.43566922726146
"547",0.315621080421377,2,1.67883691367487
"548",0.23545126143191,2,1.98333403801531
"549",0.34260017078789,2,1.39599232214634
"550",0.270152257312555,2,1.96810556473758
"551",0.800263433273882,2,1.80706676063738
"552",0.697513858372346,2,1.79026173781524
"553",0.457601674880832,2,0.138608281551983
"554",0.0333704891270027,2,0.0866445527496011
"555",0.128023610752076,2,1.03798667165318
"556",0.851467223848216,2,1.2914301900796
"557",0.375436597958207,2,0.994513575772409
"558",0.570901625233702,2,0.371346772762518
"559",0.796936734715942,2,1.83103836113245
"560",0.785440094183665,2,1.90245850326122
"561",0.507438614685088,2,0.00436573733551637
"562",0.285561133469921,2,1.90180223751109
"563",0.511284955167677,2,0.0100383300111244
"564",0.0987085860744119,2,0.67559026135656
"565",0.135884332166985,2,1.13635048533148
"566",0.194396852574311,2,1.76565988246564
"567",0.529047215943225,2,0.0658826929374824
"568",0.727881710923277,2,1.96162087556992
"569",0.935082058810629,2,0.314701559246866
"570",0.264611405261792,2,1.98319056057132
"571",0.862541797647718,2,1.15591566538757
"572",0.298156944161281,2,1.82241221841526
"573",0.0166809592396021,2,0.0218897571816673
"574",0.568807652205695,2,0.351103020200449
"575",0.538750379388221,2,0.116236600792175
"576",0.899294790569693,2,0.699423219025882
"577",0.919610134684481,2,0.468316143595715
"578",0.186007395175751,2,1.69372024150919
"579",0.345663600306027,2,1.36035839280951
"580",0.987004838457331,2,0.0133041689757589
"581",0.859775159726385,2,1.19015594309922
"582",0.587345950068906,2,0.54428549833675
"583",0.559785945605487,2,0.269192657760033
"584",0.988586721623782,2,0.0102675295406401
"585",0.0774247650140896,2,0.437134926090807
"586",0.753695353661198,2,1.99892198772774
"587",0.0633384012375027,2,0.30038216221382
"588",0.286748636059463,2,1.89525328521619
"589",0.756912820872385,2,1.99622925455848
"590",0.553201601816341,2,0.215279376923226
"591",0.145028543711174,2,1.24903729307987
"592",0.58271718440298,2,0.493309631261577
"593",0.401946290657856,2,0.667816985249536
"594",0.0868356741485186,2,0.53858713693261
"595",0.633775718000252,2,1.11005553556736
"596",0.787545006072149,2,1.89074962148166
"597",0.765655615992844,2,1.98071015034507
"598",0.226123584651388,2,1.95532470177488
"599",0.631166243088432,2,1.07740977663995
"600",0.512223602456041,2,0.0117742721694734
"601",0.683843195118941,2,1.67387825180793
"602",0.327642203132156,2,1.56060450701258
"603",0.953457811162807,2,0.166214144476308
"604",0.515060848375782,2,0.0178563162745954
"605",0.651510918717366,2,1.32701769740532
"606",0.201975376080722,2,1.8233570263046
"607",0.592145711219404,2,0.598770101365761
"608",0.254475352347363,2,1.99841900779116
"609",0.431098566632718,2,0.352000154794964
"610",0.17302691695746,2,1.56754747530584
"611",0.152106154230889,2,1.33407717232478
"612",0.237365109625272,2,1.98742175244292
"613",0.975609906385653,2,0.0466030381245308
"614",0.92726613188209,2,0.389417755417411
"615",0.66784879300138,2,1.51280919979805
"616",0.618082531535067,2,0.913181962449929
"617",0.0102603846099228,2,0.00830071058049042
"618",0.159878578987904,2,1.42439819195121
"619",0.921876210882794,2,0.444417115068876
"620",0.7599705606387,2,1.99216099994201
"621",0.959292221745476,2,0.128012739558093
"622",0.749478197130375,2,1.99997850184932
"623",0.411099275851622,2,0.561762532333074
"624",0.646062860599253,2,1.26160400834902
"625",0.810325345134363,2,1.72616383529698
"626",0.968774168426637,2,0.076004285541511
"627",0.0976747095971368,2,0.663328565777555
"628",0.878583074171096,2,0.954988974566561
"629",0.364198028518353,2,1.13532510357251
"630",0.0370514293559827,2,0.106448543758449
"631",0.677418372100685,2,1.61209621685538
"632",0.228518559720833,2,1.96378590118372
"633",0.728112658690195,2,1.96241312840904
"634",0.842498022980522,2,1.39717069117094
"635",0.806040840161964,2,1.76211033333761
"636",0.0641662928918377,2,0.307853436034469
"637",0.281893228757661,2,1.92075613551007
"638",0.827055165170226,2,1.5666979186813
"639",0.982841258683242,2,0.0231567327940247
"640",0.876159491106402,2,0.985429920589078
"641",0.211208657348063,2,1.8835224086187
"642",0.832388160531409,2,1.51025061342304
"643",0.348476921625435,2,1.32716209497742
"644",0.316012461594772,2,1.67521730748586
"645",0.208972350648604,2,1.87001250304868
"646",0.484144981245976,2,0.0197827247905631
"647",0.890399280724116,2,0.807692429119709
"648",0.467657895856071,2,0.0814591693687762
"649",0.504401111570187,2,0.0015289869760905
"650",0.999829956105445,2,2.28303018456888e-06
"651",0.0752053077318706,2,0.414303943658321
"652",0.970171481816564,2,0.0694324003918775
"653",0.132581983898301,2,1.0951339310027
"654",0.256089789769612,2,1.9970732719121
"655",0.136214258600026,2,1.1404565588336
"656",0.00500482833152637,2,0.00197708319866796
"657",0.301807732219342,2,1.79545690509972
"658",0.204526814692188,2,1.84112687258774
"659",0.508890364518855,2,0.00623414801356337
"660",0.751368532732129,2,1.99985212682184
"661",0.17574293188937,2,1.59531247529489
"662",0.397105341143906,2,0.725774814242254
"663",0.817708078350406,2,1.65934822414929
"664",0.564845922832843,2,0.314042755740285
"665",0.713446001983248,2,1.89634039275974
"666",0.303979444563389,2,1.77862441281441
"667",0.320651225396432,2,1.63109719030313
"668",0.370036080320366,2,1.062338009092
"669",0.0476309309187345,2,0.173845355450991
"670",0.820624224768952,2,1.63136035017539
"671",0.493391189741436,2,0.0034465665629988
"672",0.434089413918555,2,0.323838942393484
"673",0.65791885514278,2,1.40197295832582
"674",0.914671405648813,2,0.521868901898892
"675",0.359844703196548,2,1.18929790700853
"676",0.831078501292039,2,1.52433488865163
"677",0.10578044965025,2,0.760821222066521
"678",0.0906150070568547,2,0.581226225660156
"679",0.581285293062218,2,0.477879637431573
"680",0.232772948134225,2,1.97665924401419
"681",0.258015510855243,2,1.99493143606212
"682",0.746800239324104,2,1.99919171185086
"683",0.230033075746614,2,1.96868644344478
"684",0.366156524594873,2,1.11090178795826
"685",0.110083100972697,2,0.813644567992615
"686",0.9960231443597,2,0.00124847254716898
"687",0.903557975381613,2,0.648783458717793
"688",0.0348465060857125,2,0.0943533620037398
"689",0.42666857194528,2,0.395381814443395
"690",0.69543206996005,2,1.77396279464339
"691",0.715735093823634,2,1.90872151182585
"692",0.841706414299551,2,1.406280291488
"693",0.402198439162225,2,0.664829994872763
"694",0.763898586826865,2,1.98478658356342
"695",0.992485609785188,2,0.00445506954172725
"696",0.731463910634629,2,1.97299392646733
"697",0.249281323187053,2,1.99995921935908
"698",0.177178344316781,2,1.60970821373887
"699",0.946072098263074,2,0.220969321171547
"700",0.609561095170211,2,0.807203815816649
"701",0.711674096835311,2,1.88624683343616
"702",0.761003712235019,2,1.99045499679544
"703",0.629775636499282,2,1.05997640229826
"704",0.803277736671735,2,1.784127229839
"705",0.383027187759988,2,0.899298364537072
"706",0.0284429776980542,2,0.0631991736580666
"707",0.551390251727309,2,0.201374796713395
"708",0.368400160507765,2,1.0828409840932
"709",0.900785478970502,2,0.681610694236633
"710",0.461233319379389,2,0.116332474369028
"711",0.754592943475582,2,1.99833485763687
"712",0.534990318762139,2,0.095121154763299
"713",0.00969634842779487,2,0.00741427626275781
"714",0.0515206135767512,2,0.202361768795179
"715",0.0217237345799804,2,0.0370305330878331
"716",0.659016305058729,2,1.4145620488306
"717",0.725930327403359,2,1.95460410948917
"718",0.767450253650546,2,1.97605293935777
"719",0.178566182374489,2,1.62343825775124
"720",0.480909477327019,2,0.0286379230870598
"721",0.330496622012928,2,1.53054716694123
"722",0.778186072345823,2,1.93792542944368
"723",0.142890202859882,2,1.22292594293408
"724",0.184839566927403,2,1.68307607020527
"725",0.417889775279444,2,0.486748740676131
"726",0.325836639080662,2,1.5792473104185
"727",0.0716843003951944,2,0.37902589514589
"728",0.113556157936808,2,0.856687598548193
"729",0.43314985949453,2,0.332584565502287
"730",0.793569263630081,2,1.85382466307525
"731",0.441665309964679,2,0.256866582517864
"732",0.871735844677314,2,1.04100708403377
"733",0.309816014084499,2,1.7305493746652
"734",0.252656846036669,2,1.99944270882475
"735",0.611195554206148,2,0.827396941981075
"736",0.698481306109112,2,1.79765278071874
"737",0.347181641378906,2,1.34249929876593
"738",0.962581854724325,2,0.108526965003626
"739",0.357156657486688,2,1.22235185838323
"740",0.944684811573941,2,0.232017487151296
"741",0.613382395219058,2,0.854526915074909
"742",0.470615270687267,2,0.0674050973346096
"743",0.644211223385762,2,1.23907717401921
"744",0.540978704297449,2,0.129684417879637
"745",0.339438877932262,2,1.4321488317012
"746",0.624384521842934,2,0.992265750484027
"747",0.847623603176326,2,1.33727609544746
"748",0.566617555126082,2,0.330410886430921
"749",0.555133295115083,2,0.230555545670093
"750",0.297092747654766,2,1.82994629589224
"751",0.0664454252962023,2,0.328805890300716
"752",0.585441260297783,2,0.523112863310482
"753",0.163848457785789,2,1.46902290106225
"754",0.272890848879237,2,1.95891182917434
"755",0.0931204948714003,2,0.610020180905045
"756",0.190673323702533,2,1.73473457818331
"757",0.424426287732087,2,0.418062565296447
"758",0.123400425096508,2,0.979900502515374
"759",0.857928265617229,2,1.21288797306264
"760",0.109578516663518,2,0.807418638087485
"761",0.640753914740868,2,1.19667892807663
"762",0.0948123919586651,2,0.629684475794107
"763",0.499017274858896,2,7.62514921244239e-05
"764",0.0832929167561233,2,0.499560219134604
"765",0.160023914115503,2,1.42605118520484
"766",0.62627212168416,2,1.01598527168825
"767",0.478093394889962,2,0.0376526451543512
"768",0.243226980433334,2,1.99638013641539
"769",0.940374695365783,2,0.267816233597763
"770",0.197553973792121,2,1.79057053767119
"771",0.773137541230302,2,1.95802773194041
"772",0.662631500108168,2,1.45546224887136
"773",0.238001649292652,2,1.98865485804446
"774",0.240088595202193,2,1.9922536224455
"775",0.445021282496862,2,0.229316309724364
"776",0.168827855761163,2,1.52333250725544
"777",0.409402277477086,2,0.581028994758486
"778",0.0184285645033233,2,0.0266950640101159
"779",0.578594554526266,2,0.449345576572314
"780",0.26122403188888,2,1.99006958458457
"781",0.527636102391407,2,0.0596999547812254
"782",0.385239123424981,2,0.871686117830552
"783",0.354857621921226,2,1.25042245365399
"784",0.648972863886505,2,1.29671595315498
"785",0.852367760257795,2,1.28058651079425
"786",0.978616180116776,2,0.035887682061694
"787",0.217881952571217,2,1.91965026051312
"788",0.149233342080843,2,1.29984021459839
"789",0.910639006787911,2,0.566968756024939
"790",0.501358501931652,2,0.00014571347168324
"791",0.399090977362823,2,0.701866958870089
"792",0.275398046456743,2,1.94949892226128
"793",0.706522601237521,2,1.85442503343876
"794",0.956873546392657,2,0.143291902916374
"795",0.262751540076919,2,1.98718892626979
"796",0.533708731726743,2,0.0883834377040523
"797",0.0495465445644222,2,0.187646788034773
"798",0.0250918053006753,2,0.049300616890972
"799",0.545294665808324,2,0.157661960573002
"800",0.222131730379071,2,1.93930308371519
"801",0.199307623341214,2,1.80387231655478
"802",0.0278583036921918,2,0.0606539567728812
"803",0.225721097608097,2,1.95381761370781
"804",0.643595607651863,2,1.23155838074627
"805",0.790426727855112,2,1.87371072739419
"806",0.909938714070246,2,0.57491767968526
"807",0.381455541421659,2,0.918966221419359
"808",0.360687927054707,2,1.17888279463713
"809",0.794288023535162,2,1.84908808931682
"810",0.804277115039527,2,1.77627175728978
"811",0.635691892207135,2,1.13395440217952
"812",0.0611428223447874,2,0.280937074736243
"813",0.577140970883891,2,0.434190821922945
"814",0.2509713958106,2,1.99992549648002
"815",0.736302552660462,2,1.98522265265793
"816",0.19346477118507,2,1.75807327527435
"817",0.829742639670148,2,1.53855461655343
"818",0.33690895213047,2,1.46059571315758
"819",0.18903218187578,2,1.72058948588013
"820",0.00329520861757919,2,0.000857222386566381
"821",0.463449425082188,2,0.103640536244966
"822",0.0439256980516948,2,0.148515530619424
"823",0.140183648572303,2,1.18964773219458
"824",0.372904576126952,2,1.02632883014408
"825",0.815461418745108,2,1.6803088003062
"826",0.984725830164272,2,0.0183641665224058
"827",0.825561097436585,2,1.58206634332655
"828",0.288078477460425,2,1.88768278999035
"829",0.447208491348196,2,0.21209548881895
"830",0.407250590925571,2,0.605730451383709
"831",0.71834781811852,2,1.92193367236056
"832",0.844779472545721,2,1.37069976007364
"833",0.103658977366053,2,0.735023838820502
"834",0.247134923330508,2,1.99935193985293
"835",0.486030911508016,2,0.0153677528391994
"836",0.0815682206596248,2,0.480915208467954
"837",0.00751695284666494,2,0.00445810642367661
"838",0.51662355846446,2,0.0217399141922389
"839",0.429613178300206,2,0.366328948636279
"840",0.867414243994746,2,1.09518111759854
"841",0.45388928830903,2,0.163232938188558
"842",0.150201986883301,2,1.31143000796284
"843",0.379637591538019,2,0.941755288361737
"844",0.94812741336273,2,0.205037247994701
"845",0.916017275926657,2,0.507083756915639
"846",0.413175861332566,2,0.538458536137471
"847",0.182731246482115,2,1.66348883956773
"848",0.524422579216771,2,0.0467262870563835
"849",0.602032467334997,2,0.71537183483835
"850",0.606108103506733,2,0.764821152118847
"851",0.605750222452916,2,0.760452417993063
"852",0.735699260802008,2,1.98389585798072
"853",0.423417637229431,2,0.428416832191246
"854",0.839525040507317,2,1.43117215136995
"855",0.107027781880461,2,0.776069477005231
"856",0.442579971842933,2,0.249224720057615
"857",0.620202957717702,2,0.93975509111466
"858",0.0797470772974193,2,0.461492371238483
"859",0.058672682503704,2,0.259715355063703
"860",0.63871942955628,2,1.17155064847077
"861",0.622763750267215,2,0.971902155541549
"862",0.353552941849455,2,1.26626077756177
"863",0.391745824936312,2,0.791115417336809
"864",0.680694951492362,2,1.64412850363781
"865",0.165587883732282,2,1.48821424158859
"866",0.221424872620497,2,1.93621853751818
"867",0.942287756776437,2,0.251655398995786
"868",0.0681401133821346,2,0.344743284301953
"869",0.0731481715710834,2,0.39354914863809
"870",0.448707093854435,2,0.200639189025928
"871",0.742640069880523,2,1.99572606892636
"872",0.617888030353934,2,0.910747279018658
"873",0.437698960582726,2,0.291127513581694
"874",0.670247061803471,2,1.53844556809722
"875",0.572779533359688,2,0.389872315181113
"876",0.563939605033491,2,0.305800218694853
"877",0.415197409372777,2,0.516073939545749
"878",0.783902240519878,2,1.91061433668955
"879",0.976977465841454,2,0.0415589590540221
"880",0.597890140179079,2,0.665878937625063
"881",0.322030245300848,2,1.61756072094871
"882",0.732259418620728,2,1.97525280479901
"883",0.933571696933359,2,0.328646408506894
"884",0.536674743050244,2,0.104333370766649
"885",0.542874405905604,2,0.141662491819243
"886",0.49738955433527,2,0.000537997308505456
"887",0.922936964707449,2,0.433383569408507
"888",0.283079593331553,2,1.91483772814907
"889",0.599706367032137,2,0.687475813171949
"890",0.455133700190112,2,0.154773010010909
"891",0.56162054657517,2,0.285121941984169
"892",0.0451019412926398,2,0.156359178404667
"893",0.874731799491215,2,1.00337030061182
"894",0.387743430623785,2,0.840544894020834
"895",0.121948374825064,2,0.961661545173789
"896",0.206591090333648,2,1.85487189375837
"897",0.798820394490846,2,1.81764074585978
"898",0.887522952810861,2,0.843280659038351
"899",0.475152270960622,2,0.0483539232352418
"900",0.789007949169725,2,1.8822442023757
"901",0.269834239343647,2,1.96909908292984
"902",0.668443104705773,2,1.51920642933861
"903",0.590421665633097,2,0.579021166938571
"904",0.215354289916344,2,1.90671370701856
"905",0.691155000959989,2,1.73882713040483
"906",0.861870640579145,2,1.16424088498683
"907",0.458195825540926,2,0.134839875656066
"908",0.818119814301375,2,1.65544938776975
"909",0.115291811082978,2,0.878305691733892
"910",0.615729062765837,2,0.883761329634066
"911",0.35147344523482,2,1.29135540257976
"912",0.00117954434547573,2,0.00010985259660079
"913",0.421882727365009,2,0.444349029799217
"914",0.290709696440492,2,1.87197546028078
"915",0.450473005692475,2,0.187503542861723
"916",0.47204666923685,2,0.0610641834938505
"917",0.0563140569119714,2,0.240117062283769
"918",0.600245796512347,2,0.693922069943545
"919",0.893636390233878,2,0.767943089578988
"920",0.306844505123794,2,1.75553291266713
"921",0.835163673183415,2,1.47995028818533
"922",0.219975237487815,2,1.92966188975218
"923",0.652229822914116,2,1.3355415470583
"924",0.490982911464293,2,0.00641294726793007
"925",0.126185496836901,2,1.01489684158531
"926",0.702035659662448,2,1.82378671526168
"927",0.837726507132873,2,1.45145252754917
"928",0.181963922542986,2,1.65624373884892
"929",0.938690638763364,2,0.282393021827839
"930",0.419239137926605,2,0.472270425252479
"931",0.722236612443812,2,1.93975445390127
"932",0.546857745748479,2,0.168409946661049
"933",0.775912572356407,2,1.94745033744689
"934",0.333299888502341,2,1.50036392910958
"935",0.0533786171013489,2,0.216660135309849
"936",0.679647011226509,2,1.63399989671839
"937",0.245883690470364,2,1.99866245333529
"938",0.146248020329047,2,1.26384905431982
"939",0.780176337522455,2,1.92895846827174
"940",0.310527835822199,2,1.7244120371164
"941",0.771794735564385,2,1.96272853053419
"942",0.574382184118498,2,0.405951557180319
"943",0.405480747248512,2,0.626265188697936
"944",0.139466892251279,2,1.18079659124272
"945",0.881109339356422,2,0.923303170799175
"946",0.588078000474256,2,0.552493127213937
"947",0.67470123627549,2,1.58474376318209
"948",0.873190934855957,2,1.0227314249887
"949",0.897951119359583,2,0.715569565421915
"950",0.213552852424327,2,1.89693490270604
"951",0.38913954340294,2,0.823250724159842
"952",0.312273495073896,2,1.70911658383793
"953",0.157135824379977,2,1.3929437656525
"954",0.0141169689293019,2,0.0156939909735783
"955",0.80943177634012,2,1.73383801688921
"956",0.684240277679171,2,1.67755658692548
"957",0.972156049818732,2,0.0605921098719706
"958",0.664580695066135,2,1.47712962418399
"959",0.202325264681131,2,1.82584436501503
"960",0.334395965882111,2,1.48839135234143
"961",0.0221258663218468,2,0.0384052549906811
"962",0.465413268632256,2,0.0929739651687979
"963",0.395017999944743,2,0.751091031522006
"964",0.994476029581856,2,0.00240834123816891
"965",0.931617840203922,2,0.347043989513593
"966",0.673892633246724,2,1.57647076464098
"967",0.030438873144798,2,0.0722678662696153
"968",0.86534673954919,2,1.1210091580723
"969",0.328436281304806,2,1.55231355094272
"970",0.393320743101183,2,0.771803166095138
"971",0.721368321021553,2,1.93596856626995
"972",0.692188272558618,2,1.74751477556136
"973",0.304313793508336,2,1.77598111461231
"974",0.888174058622215,2,0.835205062052721
"975",0.2932436084738,2,1.85594779998564
"976",0.055459061216563,2,0.23317668652167
"977",0.689367896290962,2,1.72350815906793
"978",0.991073619549628,2,0.0062847078053293
"979",0.0408852902413346,2,0.129106890405302
"980",0.530597827419639,2,0.0730152687264756
"981",0.822577765139751,2,1.61213460144205
"982",0.950463499930222,2,0.187573185671312
"983",0.717972321134526,2,1.92009566298681
"984",0.812969934480265,2,1.7029187481133
"985",0.98123916005576,2,0.0276618882608892
"986",0.341882847226225,2,1.40425340309634
"987",0.116543426770251,2,0.893931468307202
"988",0.522857291254681,2,0.0409686187021714
"989",0.154996962953825,2,1.36808906782446
"990",0.267139153712895,2,1.97689590186734
"991",0.376759485880379,2,0.977891449798342
"992",0.503240225116722,2,0.000828857929847882
"993",0.925057561641559,2,0.411629706431847
"994",0.0399984459797852,2,0.12368391224769
"995",0.960555100426078,2,0.120354147397531
"996",0.687394443245139,2,1.70616820677054
"997",0.966142305569723,2,0.0891544717655322
"998",0.438869734496344,2,0.280827425598265
"999",0.885279646413866,2,0.87118111706186
"1000",0.171875563284848,2,1.55557611851857
"1001",0.52598303111922,3,-0.986703278750247
"1002",0.517430320192128,3,-0.994008903097512
"1003",0.905511254035402,3,0.828881886488783
"1004",0.578587472533807,3,-0.880547758014804
"1005",0.137080519323237,3,0.65144997308434
"1006",0.210701241020113,3,0.244419883233325
"1007",0.935654401456471,3,0.919379826337274
"1008",0.52976718966756,3,-0.982560299303026
"1009",0.599076020514593,3,-0.812415749056562
"1010",0.95377836684091,3,0.958123952695252
"1011",0.562988411128987,3,-0.922700813731753
"1012",0.760751982676797,3,0.0675053242131635
"1013",0.0721930412338115,3,0.898874406347152
"1014",0.222181010271888,3,0.173903180247553
"1015",0.990079921171535,3,0.998058133451467
"1016",0.568446684842929,3,-0.908939399736088
"1017",0.626675606369041,3,-0.699623207617409
"1018",0.728021585851908,3,-0.137655955207054
"1019",0.838999632545281,3,0.530509227198292
"1020",0.762669874029234,3,0.0795231105547993
"1021",0.464454101288226,3,-0.975162795129335
"1022",0.731840498527046,3,-0.113852102744308
"1023",0.216972829937935,3,0.206029663753106
"1024",0.414142402816098,3,-0.857986604195862
"1025",0.881814353694674,3,0.736724873757306
"1026",0.323362860605121,3,-0.444801348743056
"1027",0.383778737263288,3,-0.745014512003107
"1028",0.281342688196804,3,-0.195661475803442
"1029",0.395040405711625,3,-0.790310589652685
"1030",0.0645518089346588,3,0.91886938047678
"1031",0.522900453637354,3,-0.989665999201648
"1032",0.772072162216064,3,0.138239360210148
"1033",0.197675183788873,3,0.322875854480004
"1034",0.641189418287482,3,-0.631647939153781
"1035",0.354956245093606,3,-0.612689800931459
"1036",0.109364620205946,3,0.773051825687472
"1037",0.451289565879386,3,-0.953529105117688
"1038",0.305509034478571,3,-0.34174545605112
"1039",0.438723914886359,3,-0.926795053479424
"1040",0.25628839974897,3,-0.0395009013400119
"1041",0.976641541877296,3,0.989249259427801
"1042",0.482592230572365,3,-0.994024379782786
"1043",0.933882304154802,3,0.914942971145043
"1044",0.384194858322851,3,-0.746756005085878
"1045",0.114963689076714,3,0.750261927258078
"1046",0.558123835255858,3,-0.934051342754642
"1047",0.577699390096124,3,-0.883178711923513
"1048",0.194521656652447,3,0.341564221922033
"1049",0.120002664295025,3,0.728957167823176
"1050",0.959489054025151,3,0.967779785054635
"1051",0.922371012166142,3,0.883386104079388
"1052",0.429645522678271,3,-0.903876493473941
"1053",0.448923811504617,3,-0.948945250174867
"1054",0.141868458236568,3,0.62833454691311
"1055",0.859236392013263,3,0.633719829120387
"1056",0.765990179309156,3,0.10030032098838
"1057",0.218252257075626,3,0.198156681660077
"1058",0.457318349178415,3,-0.964255619882919
"1059",0.673305093312636,3,-0.463453273381223
"1060",0.527566874874756,3,-0.985036996780289
"1061",0.507028988825623,3,-0.999024909658143
"1062",0.0760599463162944,3,0.887963283311294
"1063",0.185985823613126,3,0.391455632972288
"1064",0.231562857584562,3,0.11558505507247
"1065",0.872364491950721,3,0.695301115764742
"1066",0.125204382659867,3,0.706198150157803
"1067",0.47486492163362,3,-0.987555215444764
"1068",0.814354945454281,3,0.393424981922511
"1069",0.0327964470488951,3,0.978843394131122
"1070",0.0266290104687214,3,0.986035467102626
"1071",0.580989493616857,3,-0.873294618018758
"1072",0.59138613371877,3,-0.839629267434265
"1073",0.948246864631772,3,0.947594979906005
"1074",0.150490032779053,3,0.585291533685768
"1075",0.694762377446517,3,-0.340142302134247
"1076",0.38989402840659,3,-0.770088650153734
"1077",0.430948311172891,3,-0.907347945241412
"1078",0.759218824094627,3,0.0578911952364186
"1079",0.408251931615639,3,-0.838391896050363
"1080",0.387949844267685,3,-0.762238561388499
"1081",0.228197330756113,3,0.136562145932771
"1082",0.603706553198397,3,-0.795109938525888
"1083",0.613757245467976,3,-0.755251974660166
"1084",0.397373792510014,3,-0.799208282845596
"1085",0.21364509579353,3,0.226443327179245
"1086",0.0219633042789064,3,0.990493169127878
"1087",0.608618966703303,3,-0.77601527713554
"1088",0.855848379900213,3,0.617110269509666
"1089",0.805306066399906,3,0.340546674143538
"1090",0.412262868930586,3,-0.851860727544998
"1091",0.206127094245516,3,0.272183614930306
"1092",0.651263695537113,3,-0.581343169860403
"1093",0.701190857773647,3,-0.301892244182119
"1094",0.379086969861761,3,-0.725029586671042
"1095",0.363213423680514,3,-0.65285008748893
"1096",0.907311385773122,3,0.835156128672738
"1097",0.874702498480678,3,0.705783782173551
"1098",0.317116053421516,3,-0.409314487190502
"1099",0.291574944352731,3,-0.258262331086093
"1100",0.682698241605423,3,-0.410378806006999
"1101",0.62917307189852,3,-0.688325382257111
"1102",0.649513358136173,3,-0.59025620047146
"1103",0.16391090088943,3,0.514919519050926
"1104",0.494640916909091,3,-0.999433147993754
"1105",0.100219664327335,3,0.808204967761318
"1106",0.817163782977033,3,0.409588089749108
"1107",0.375279622973874,3,-0.708348021346506
"1108",0.133319076010026,3,0.669197175631023
"1109",0.489828704632353,3,-0.997958570180287
"1110",0.324169636399485,3,-0.449335668295331
"1111",0.665880761079956,3,-0.504270311856382
"1112",0.39352011606656,3,-0.784421890611884
"1113",0.864188645933755,3,0.657479306484996
"1114",0.837827052967623,3,0.52424957989666
"1115",0.296582701172214,3,-0.288526702968774
"1116",0.0886134119555354,3,0.84896404810195
"1117",0.916204067348503,3,0.864568448989371
"1118",0.826178413098678,3,0.460575174881178
"1119",0.552429853816051,3,-0.946228030772758
"1120",0.0500715084439144,3,0.950917578720294
"1121",0.425531701947562,3,-0.892518232416779
"1122",0.863009219677187,3,0.651877655309227
"1123",0.252876439944375,3,-0.0180722213040145
"1124",0.830364136218093,3,0.483757344465465
"1125",0.78632480627764,3,0.226259124546065
"1126",0.200141363956034,3,0.308172129040472
"1127",0.0238772670147009,3,0.988767297838878
"1128",0.824195731445681,3,0.449482138062809
"1129",0.311736807378475,3,-0.378248787843648
"1130",0.892243613904808,3,0.779422178397661
"1131",0.346056016806047,3,-0.567558767789239
"1132",0.9670316610015,3,0.978621837610082
"1133",0.0926099141426384,3,0.835428000925219
"1134",0.0845493922340684,3,0.862179799806094
"1135",0.227924568395596,3,0.138259705125252
"1136",0.793496076941025,3,0.269904560043725
"1137",0.574261191207916,3,-0.893104373394874
"1138",0.732991541572381,3,-0.106663997103371
"1139",0.0457672974751331,3,0.958937494710465
"1140",0.657443803290371,3,-0.549317902615963
"1141",0.262424609806389,3,-0.0779868566161673
"1142",0.423351254709531,3,-0.886255742288013
"1143",0.170931404029019,3,0.47661714580495
"1144",0.647484429970384,3,-0.600498455107961
"1145",0.41908504536096,3,-0.873522695035988
"1146",0.740872816871852,3,-0.0573163541677247
"1147",0.215808143854607,3,0.213185020768147
"1148",0.0639091718895361,3,0.920455050478907
"1149",0.744319172656629,3,-0.0356861121835208
"1150",0.69108390105376,3,-0.361783960311182
"1151",0.373803522028029,3,-0.701771038464888
"1152",0.518686464820523,3,-0.993115299142023
"1153",0.995404525616206,3,0.999583168753896
"1154",0.588558372784406,3,-0.849146746815719
"1155",0.645074402503669,3,-0.612537601300442
"1156",0.986761354501825,3,0.996542466287483
"1157",0.924949383662082,3,0.890862095700955
"1158",0.996938345601782,3,0.999814975738525
"1159",0.840531632244587,3,0.538644146029031
"1160",0.615364035577979,3,-0.748596488141509
"1161",0.357031521127094,3,-0.622942723184515
"1162",0.364971732104663,3,-0.661178625847591
"1163",0.819461554784793,3,0.422715694127436
"1164",0.224506688929163,3,0.1594951127674
"1165",0.988378379661124,3,0.997335166208511
"1166",0.433026720375754,3,-0.91276018225435
"1167",0.573518259594217,3,-0.89519452255829
"1168",0.285107491587289,3,-0.218802315587593
"1169",0.0363396334545687,3,0.974046064913039
"1170",0.806551780410111,3,0.3478953780249
"1171",0.843056429373566,3,0.551941563637505
"1172",0.633215524970088,3,-0.669680507547634
"1173",0.660999601382762,3,-0.530513307387338
"1174",0.685247784722131,3,-0.395718578528218
"1175",0.813618821373675,3,0.38916857651833
"1176",0.70627824111376,3,-0.271269663540286
"1177",0.321767899947707,3,-0.435803674768163
"1178",0.234933340710122,3,0.0945252789285749
"1179",0.945072177052964,3,0.941034290452484
"1180",0.254773034680635,3,-0.0299853661390155
"1181",0.60590044139931,3,-0.786674777347799
"1182",0.0189198546670377,3,0.992942452195499
"1183",0.7848568608528,3,0.217265443240654
"1184",0.845432015993632,3,0.564326362070024
"1185",0.420940004849806,3,-0.879136724658681
"1186",0.173218695997726,3,0.463934236351726
"1187",0.0986124001340941,3,0.814110815117505
"1188",0.24244960266212,3,0.0474227526279958
"1189",0.512872352570761,3,-0.996731045789583
"1190",0.797880021343473,3,0.296321674389541
"1191",0.148322377636097,3,0.596280136839319
"1192",0.635639273258857,3,-0.658293588352343
"1193",0.288050067676231,3,-0.236804645587205
"1194",0.539707369654439,3,-0.969038777489786
"1195",0.0955548150362447,3,0.825116126959167
"1196",0.00680907327216119,3,0.999084961194062
"1197",0.59343667973252,3,-0.832561723333998
"1198",0.974256396725774,3,0.986946670274574
"1199",0.176900546051562,3,0.443318444411718
"1200",0.0600207761954516,3,0.929728422734646
"1201",0.343494121942203,3,-0.554232737559691
"1202",0.199755213265773,3,0.310479391653956
"1203",0.436338984723203,3,-0.921063347697772
"1204",0.160195548302494,3,0.53478899359088
"1205",0.823378828901332,3,0.444891206567156
"1206",0.587094076880719,3,-0.853970017156408
"1207",0.16414671968203,3,0.513648789814748
"1208",0.878603912549559,3,0.722935896630353
"1209",0.667226340000052,3,-0.496951509372905
"1210",0.716938495402224,3,-0.206240760875996
"1211",0.794406731109135,3,0.275409567629973
"1212",0.544342294301372,3,-0.961438409782865
"1213",0.181307829837315,3,0.418329731014035
"1214",0.750841595637146,3,0.00528787669864325
"1215",0.992402784969658,3,0.998860915055701
"1216",0.722869773658458,3,-0.169639878228215
"1217",0.157563877098262,3,0.548687321128366
"1218",0.283683964114636,3,-0.210066120148999
"1219",0.401291066539008,3,-0.813758443687881
"1220",0.301317968850955,3,-0.316882048348842
"1221",0.360229447550606,3,-0.638534146217856
"1222",0.509092209758237,3,-0.998368637343976
"1223",0.982853552684654,3,0.994202270627643
"1224",0.248715653769672,3,0.00806969777801246
"1225",0.748812637674157,3,-0.00746034831512308
"1226",0.117838884975761,3,0.738196389251225
"1227",0.654835717633832,3,-0.562936804515183
"1228",0.306091708344873,3,-0.345183783645016
"1229",0.607833262769505,3,-0.779119469398755
"1230",0.669539966083132,3,-0.484284603566811
"1231",0.80105412813928,3,0.31530928630692
"1232",0.153009366586339,3,0.572383868783672
"1233",0.980630317502189,3,0.992603289423318
"1234",0.0135783907291479,3,0.996362835848218
"1235",0.703178381384816,3,-0.289963698232118
"1236",0.639246928500943,3,-0.641062668650246
"1237",0.339962080815807,3,-0.53562561589131
"1238",0.0714834900489077,3,0.900819096665176
"1239",0.462587186430581,3,-0.972497657844536
"1240",0.968331921053585,3,0.980269420647915
"1241",0.081246454869397,3,0.87250689075403
"1242",0.710084711374249,3,-0.248174316541155
"1243",0.715983625078574,3,-0.212107656658499
"1244",0.547502269215882,3,-0.955788822302483
"1245",0.0245641545923427,3,0.988113031928083
"1246",0.537426179833244,3,-0.972478093778348
"1247",0.236746904046275,3,0.0831754545071488
"1248",0.910423701473046,3,0.845751407168797
"1249",0.940037035625428,3,0.929862123922055
"1250",0.704938548932783,3,-0.279361862733518
"1251",0.0699398829452693,3,0.904987816075041
"1252",0.221501464181114,3,0.178106237642397
"1253",0.877491974984296,3,0.718091207075442
"1254",0.521420793519355,3,-0.990956320570327
"1255",0.738123473580927,3,-0.0745531796934656
"1256",0.82009109815117,3,0.426297132636957
"1257",0.884009664143901,3,0.745981585359822
"1258",0.333519612829667,3,-0.501013278188896
"1259",0.0904203849923797,3,0.842909672057803
"1260",0.780492088127881,3,0.190417529274164
"1261",0.55177920383634,3,-0.9475426395551
"1262",0.481360305434559,3,-0.993149680024134
"1263",0.769012873929925,3,0.119177473271458
"1264",0.56617340602912,3,-0.914801645895262
"1265",0.658425748422276,3,-0.544151959826298
"1266",0.0355269810380414,3,0.975189115181936
"1267",0.131655137116555,3,0.67692929247244
"1268",0.0388161764880642,3,0.970406150774159
"1269",0.789715141930152,3,0.246955904081795
"1270",0.444130983437877,3,-0.939017178497743
"1271",0.597108274128754,3,-0.81956249036453
"1272",0.309497449036222,3,-0.365186840758567
"1273",0.890322930647992,3,0.77180501017253
"1274",0.204664874929469,3,0.281012531256018
"1275",0.753883734125178,3,0.0243997994724843
"1276",0.972667130133603,3,0.985289327365449
"1277",0.0464501844304614,3,0.957711752297906
"1278",0.478282528937794,3,-0.99070446776136
"1279",0.766873771953396,3,0.105822526743457
"1280",0.919821884909645,3,0.875766986343853
"1281",0.286205956073944,3,-0.225531669234652
"1282",0.0566595008997247,3,0.937297682594515
"1283",0.189498918163124,3,0.371050022381691
"1284",0.472743111285381,3,-0.985370800756497
"1285",0.828749238564633,3,0.474852179431555
"1286",0.182246594483033,3,0.412964967046415
"1287",0.258972460174933,3,-0.0563457724048136
"1288",0.77064000190841,3,0.129321751291291
"1289",0.0314267105413601,3,0.980568066127824
"1290",0.514983444031328,3,-0.99557174876036
"1291",0.097382604135666,3,0.818573630172515
"1292",0.718543599797878,3,-0.196362089700524
"1293",0.27926689033024,3,-0.182854668384595
"1294",0.106162681132555,3,0.785656472762208
"1295",0.504052964553703,3,-0.99967577098105
"1296",0.345973123580683,3,-0.567129871482132
"1297",0.0550394043973647,3,0.940796873645631
"1298",0.349640727089718,3,-0.585957498854735
"1299",0.500402270867955,3,-0.999996805766391
"1300",0.302185712676495,3,-0.322048528971097
"1301",0.928184716767631,3,0.899911966486657
"1302",0.96076026688423,3,0.969760071856415
"1303",0.920074043612462,3,0.876530711337976
"1304",0.261180194207467,3,-0.070189471702165
"1305",0.747207991519012,3,-0.0175418068945162
"1306",0.147948168186937,3,0.598165996773182
"1307",0.686406848774757,3,-0.389019996227701
"1308",0.548041202023625,3,-0.954787614640922
"1309",0.250143841320649,3,-0.000903781549427442
"1310",0.631138742910698,3,-0.679313906985516
"1311",0.777907816435676,3,0.174452763668355
"1312",0.239118456249125,3,0.0683175010606726
"1313",0.458122509790584,3,-0.965582136007723
"1314",0.0298841773322783,3,0.982423354601865
"1315",0.350848614022601,3,-0.592090554374982
"1316",0.174666184397414,3,0.455858319390737
"1317",0.939690471412614,3,0.929058789964802
"1318",0.584313416679855,3,-0.862929980154584
"1319",0.169415707967244,3,0.484967530713435
"1320",0.726958737825509,3,-0.144267333124583
"1321",0.0415498434263281,3,0.966115544947733
"1322",0.712459237436298,3,-0.233694398356671
"1323",0.970674628503155,3,0.983072698606115
"1324",0.336370901127812,3,-0.516436549888519
"1325",0.927929825404193,3,0.899212431066574
"1326",0.803417265631724,3,0.329364629369975
"1327",0.0789117730832659,3,0.879580175845401
"1328",0.368868136669975,3,-0.679345627421845
"1329",0.381281343877781,3,-0.734456177800775
"1330",0.913503260873258,3,0.855916862818175
"1331",0.358915336807258,3,-0.632158072021231
"1332",0.275074118931778,3,-0.156894417466527
"1333",0.950488491105847,3,0.952000494828228
"1334",0.367956733193249,3,-0.675132287746217
"1335",0.327709282237105,3,-0.469091525010371
"1336",0.979279936525039,3,0.991537505182287
"1337",0.335554910429753,3,-0.512039383119698
"1338",0.964873036028817,3,0.975742430239624
"1339",0.652025713323615,3,-0.577440806828072
"1340",0.621087423943914,3,-0.724274490087046
"1341",0.623305529284757,3,-0.71459489850846
"1342",0.757585364039522,3,0.0476422065625142
"1343",0.808445000243839,3,0.359022883615338
"1344",0.720973368588369,3,-0.181370321068405
"1345",0.860872744258028,3,0.641639582048359
"1346",0.962822981033474,3,0.972841660112433
"1347",0.403834161955863,3,-0.822941061430358
"1348",0.725107672908343,3,-0.155766229648778
"1349",0.871078417772893,3,0.689470771032513
"1350",0.484239312574733,3,-0.995100800574026
"1351",0.791473760105669,3,0.25764808780725
"1352",0.899237156549003,3,0.806190406418738
"1353",0.998582496437244,3,0.999960337947192
"1354",0.774994157416746,3,0.156398206863
"1355",0.105471450133715,3,0.788335989838219
"1356",0.671831674775574,3,-0.471636796328144
"1357",0.112633518213872,3,0.759860863333683
"1358",0.39839057379961,3,-0.803031857005335
"1359",0.617200597687159,3,-0.740895856770488
"1360",0.492385633974336,3,-0.998855767179321
"1361",0.0594376487643458,3,0.931071394711496
"1362",0.178422531130724,3,0.434726450730445
"1363",0.376549287220929,3,-0.713956471893509
"1364",0.0488806245559826,3,0.953206367468143
"1365",0.88663636980392,3,0.756870656266022
"1366",0.470346503588837,3,-0.982692878931242
"1367",0.556789392639883,3,-0.937012923457134
"1368",0.0751808939483017,3,0.89048994762976
"1369",0.490927491342649,3,-0.998375697481544
"1370",0.329515170483384,3,-0.479081972958824
"1371",0.441392602852546,3,-0.932961935284862
"1372",0.697335571540054,3,-0.324894678563574
"1373",0.846826409670059,3,0.571537463343314
"1374",0.0179111006320454,3,0.993674193839096
"1375",0.0108176682568155,3,0.997690968515269
"1376",0.894205179363955,3,0.787084310750629
"1377",0.560870478887577,3,-0.927749176115168
"1378",0.985740563625004,3,0.995989080674644
"1379",0.908069038477726,3,0.837764977023404
"1380",0.27119461108325,3,-0.132776409099468
"1381",0.331607552621979,3,-0.490580129609385
"1382",0.466170062035788,3,-0.977494101852252
"1383",0.742434872726444,3,-0.0475151992119124
"1384",0.942500902734697,3,0.935446035741589
"1385",0.914457530612126,3,0.859001995633599
"1386",0.265692423829809,3,-0.0984387280131594
"1387",0.954902598124463,3,0.960122764962764
"1388",0.208389751498122,3,0.258476621874197
"1389",0.849460638547782,3,0.585040198150402
"1390",0.087707299081143,3,0.85195888767543
"1391",0.530095094880089,3,-0.982175115292875
"1392",0.139921376429033,3,0.637804550477966
"1393",0.244768383420538,3,0.0328652970940343
"1394",0.798725916546769,3,0.301393679045113
"1395",0.468901713086758,3,-0.980970802949418
"1396",0.610481115488336,3,-0.768582832126887
"1397",0.110160682976712,3,0.769869306349928
"1398",0.897396154715214,3,0.79929272660157
"1399",0.00202714655129239,3,0.999918886309091
"1400",0.158768860746641,3,0.542341977092199
"1401",0.0149829638968222,3,0.995572032346923
"1402",0.143086386227515,3,0.622363022156304
"1403",0.734525951901916,3,-0.0970732047002597
"1404",0.882019603317138,3,0.737596293365991
"1405",0.94766053599678,3,0.946411605668771
"1406",0.193251465559937,3,0.349054130033904
"1407",0.930389173717704,3,0.90586548339785
"1408",0.636792244859971,3,-0.652823108041582
"1409",0.447990507740062,3,-0.947079161710841
"1410",0.903333224484697,3,0.821148818813284
"1411",0.867357878892682,3,0.672351774481912
"1412",0.674306019927841,3,-0.457871321196695
"1413",0.535741949044168,3,-0.974889220239814
"1414",0.476661918171681,3,-0.989267974037074
"1415",0.835335969487205,3,0.51085727095742
"1416",0.81160399169568,3,0.377476151123115
"1417",0.191812896690797,3,0.357510033726616
"1418",0.900051497877575,3,0.809207142110476
"1419",0.498784307877067,3,-0.999970827420311
"1420",0.542239713658113,3,-0.964987673546883
"1421",0.888722920433152,3,0.765373721012657
"1422",0.123005359541625,3,0.715912971900168
"1423",0.0667555842818692,3,0.913318077073466
"1424",0.642541225804016,3,-0.625040480968585
"1425",0.00884456392843276,3,0.998456271858035
"1426",0.783042788397055,3,0.206125690285865
"1427",0.442806740014348,3,-0.936123546658744
"1428",0.936279529819731,3,0.920917811991873
"1429",0.851214134710841,3,0.593939783170201
"1430",0.0532058262862265,3,0.944639538786324
"1431",0.662551937579643,3,-0.522220291903918
"1432",0.533137879301794,3,-0.978402193986316
"1433",0.570301345634274,3,-0.90401925607926
"1434",0.564773711454589,3,-0.918318367829319
"1435",0.102694739983417,3,0.798949393416161
"1436",0.31839417596953,3,-0.416628349666949
"1437",0.435576662944164,3,-0.919187576391719
"1438",0.135372762331739,3,0.659553191841603
"1439",0.128876080074813,3,0.689677822964029
"1440",0.154662546355743,3,0.563835758612642
"1441",0.676555215897504,3,-0.445262306459245
"1442",0.39060453548003,3,-0.772928875179958
"1443",0.497062731430866,3,-0.99982970388896
"1444",0.126372538321652,3,0.700982535418558
"1445",0.857342240831349,3,0.624468763197032
"1446",0.454249424385373,3,-0.95896728812837
"1447",0.709442614848726,3,-0.252080482710066
"1448",0.16666878743656,3,0.499988460002359
"1449",0.312708675775211,3,-0.383894446403575
"1450",0.600662902727257,3,-0.806561775626824
"1451",0.145153173733503,3,0.61214630975898
"1452",0.453819383471739,3,-0.958197718569127
"1453",0.681526527644135,3,-0.417081230858926
"1454",0.000249035699758679,3,0.999998775798607
"1455",0.41678484958224,3,-0.866396447565164
"1456",0.295892226446886,3,-0.284370123402095
"1457",0.247853847751394,3,0.0134842636117815
"1458",0.240449558909517,3,0.0599711846745389
"1459",0.277411776034627,3,-0.171383000679651
"1460",0.298956262044143,3,-0.302773366431733
"1461",0.594945168349426,3,-0.82727417270257
"1462",0.68873470268352,3,-0.375504655122954
"1463",0.0427692034351639,3,0.964109709454006
"1464",0.404728900100105,3,-0.826121938388506
"1465",0.832407986729871,3,0.494956398138822
"1466",0.0824816912468523,3,0.868688504912428
"1467",0.582066844697576,3,-0.86997673361469
"1468",0.755181792498566,3,0.0325524106704721
"1469",0.460792742594611,3,-0.96980985238135
"1470",0.406577021814883,3,-0.832609407925395
"1471",0.410099269389641,3,-0.844661971402466
"1472",0.737432520404458,3,-0.0788817684565169
"1473",0.555272875200491,3,-0.940298611548434
"1474",0.341422479826026,3,-0.543351646410144
"1475",0.540908335252199,3,-0.967148061702491
"1476",0.202473294507246,3,0.294200698916013
"1477",0.625392170031089,3,-0.705362270749422
"1478",0.31431949707726,3,-0.393220205018076
"1479",0.487771246530581,3,-0.997049603065832
"1480",0.266213643427938,3,-0.101697207715798
"1481",0.427352297037374,3,-0.897618905714081
"1482",0.371054401435424,3,-0.689361464927777
"1483",0.186091557430569,3,0.390844218212469
"1484",0.233050806609448,3,0.106293740850029
"1485",0.26951856934512,3,-0.1223315990987
"1486",0.693774682735559,3,-0.345971552385242
"1487",0.353774084236473,3,-0.606802639582412
"1488",0.853770586763974,3,0.606785172338509
"1489",0.698868557077833,3,-0.315770251892931
"1490",0.679011912379879,3,-0.431388521829337
"1491",0.61923434924148,3,-0.732253347729849
"1492",0.86898746458767,3,0.679895623722258
"1493",0.778995136360172,3,0.181175710292694
"1494",0.502179995943792,3,-0.999906193199833
"1495",0.272299482648727,3,-0.139653801835454
"1496",0.956946409180295,3,0.963633752139349
"1497",0.511913946630899,3,-0.997199482896551
"1498",0.00400059588579461,3,0.999684095187686
"1499",0.118541563965846,3,0.735210865560599
"1500",0.292247200350277,3,-0.262340627229893
